{"autoplayTransitionDelay":5,"author":"","timestamp":"2019-1-23 6:4:2","loopSlideshow":0,"filename":"Gridio Games Presentation.key","autoplayBuildDelay":2,"comment":"","title":"Gridio Games Presentation.key","showMode":0,"creator":"Apple Keynote 9.0.1","slideList":["AC4C9B41-B083-476C-BDAD-52F0E120D4FF","A3BF117D-2D16-4E29-9A52-1719E3C01809","E734F8BB-E297-44F9-BFCE-5B4AAD29BEFB","E4BBA4AE-D410-4ACE-9FA9-EAB3784C3986","FE210DA5-2D3C-4557-80E6-F69E3824D227","7E4822FA-C06A-4DA7-A630-33A897617C88","028EB064-CACE-4655-B95A-4620997B2DB5"],"soundtrack":{"mode":0,"volume":1},"slideWidth":1920,"slideHeight":1080,"slideCount":7,"majorVersion":1,"minorVersion":2,"fonts":["HelveticaNeue-Bold","HelveticaNeue-Italic","HelveticaNeue-Light","Helvetica","Avenir-Roman","Helvetica-Light","Calibri","GillSans","Apercu-Light","GTWalsheimProBold","Apercu-Bold","HelveticaNeue-Medium","HelveticaNeue","Futurice-Bold","Futurice-Regular"]}